,ETF,shortName,longName,quoteType,category,fundFamily,country
0,AFTY,Pacer CSOP FTSE China A50 ETF,Pacer CSOP FTSE China A50 ETF,ETF,China Region,Pacer,
1,AGZ,iShares  Agency Bond ETF,iShares Agency Bond ETF,ETF,Short Government,iShares,
2,AIRR,First Trust RBA American Indust,First Trust RBA American Industrial RenaissanceTM ETF,ETF,Industrials,First Trust,
3,ANGL,VanEck Fallen Angel High Yield ,VanEck Fallen Angel High Yield Bond ETF,ETF,High Yield Bond,VanEck,
4,AOA,iShares Core 80/20 Aggressive A,iShares Core 80/20 Aggressive Allocation ETF,ETF,Global Aggressive Allocation,iShares,
5,ARKG,ARK Genomic Revolution ETF,ARK Genomic Revolution ETF,ETF,Health,ARK ETF Trust,
6,ASHX,Xtrackers MSCI China A Inclusio,Xtrackers MSCI China A Inclusion Equity ETF,ETF,China Region,Xtrackers,
7,ATMP,iPath Select MLP ETN,Barclays ETN+ Select MLP ETN,ETF,Energy Limited Partnership,Barclays,
8,BAPR,Innovator U.S. Equity Buffer ET,Innovator U.S. Equity Buffer ETF - April,ETF,Defined Outcome,Innovator ETFs,
9,BBUS,JPMorgan BetaBuilders U.S. Equi,JPMorgan BetaBuilders U.S. Equity ETF,ETF,Large Blend,JPMorgan,
10,BCD,abrdn Bloomberg All Commodity L,abrdn Bloomberg All Commodity Longer Dated Strategy K-1 Free ETF,ETF,Commodities Broad Basket,Aberdeen Standard Investments,
11,BFOR,Barron's 400 ETF,Barron's 400 ETF,ETF,Mid-Cap Blend,ALPS,
12,BICK,First Trust BICK Index Fund,First Trust BICK Index Fund,ETF,Diversified Emerging Mkts,First Trust,
13,BIV,Vanguard Intermediate-Term Bond,Vanguard Intermediate-Term Bond Index Fund,ETF,Intermediate Core Bond,Vanguard,
14,BJAN,Innovator U.S. Equity Buffer ET,Innovator U.S. Equity Buffer ETF - January,ETF,Defined Outcome,Innovator ETFs,
15,BJUL,Innovator U.S. Equity Buffer ET,Innovator U.S. Equity Buffer ETF - July,ETF,Defined Outcome,Innovator ETFs,
16,BLCN,Siren Nasdaq NexGen Economy ETF,Siren Nasdaq NexGen Economy ETF,ETF,Equity Digital Assets,SRN Advisors,
17,BLOK,Amplify Blockchain Technology E,Amplify Blockchain Technology ETF,ETF,Equity Digital Assets,Amplify ETFs,
18,BOCT,Innovator U.S. Equity Buffer ET,Innovator U.S. Equity Buffer ETF October,ETF,Defined Outcome,Innovator ETFs,
19,BOUT,Innovator IBD Breakout Opportun,Innovator IBD Breakout Opportunities ETF,ETF,Mid-Cap Growth,Innovator ETFs,
20,BSBE,Invesco BulletShares 2022 USD E,Invesco BulletShares (R) 2022 USD Emerging Markets Debt ETF,ETF,Emerging Markets Bond,Invesco,
21,BSCE,Invesco BulletShares 2023 USD E,Invesco BulletShares (R) 2023 USD Emerging Markets Debt ETF,ETF,Emerging Markets Bond,Invesco,
22,BSDE,Invesco BulletShares 2024 USD E,Invesco BulletShares (R) 2024 Emerging Markets Debt ETF,ETF,Emerging Markets Bond,Invesco,
23,BSJP,Invesco BulletShares 2025 High ,Invesco BulletShares 2025 High Yield Corporate Bond ETF,ETF,Target Maturity,Invesco,
24,CALF,Pacer US Small Cap Cash Cows ET,Pacer US Small Cap Cash Cows 100 ETF,ETF,Small Value,Pacer,
25,CAPD,iPath Shiller CAPE ETN,iPath Shiller CAPE ETN,ETF,Large Value,Barclays,
26,CBON,VanEck China Bond ETF,VanEck China Bond ETF,ETF,Emerging Markets Bond,VanEck,
27,CCOR,Core Alternative ETF,Core Alternative ETF,ETF,Equity Hedged,Core Alternative Capital,
28,CDC,VictoryShares US EQ Income Enha,VictoryShares US EQ Income Enhanced Volatility Wtd ETF,ETF,Large Value,Victory Capital Management Inc.,
29,CDL,VictoryShares US Large Cap High,VictoryShares US Large Cap High Div Volatility Wtd ETF,ETF,Large Value,Victory Capital Management Inc.,
30,CEFS,Saba Closed-End Funds ETF,Saba Closed-End Funds ETF,ETF,Tactical Allocation,SABA ETF,
31,CEMB,iShares J.P. Morgan EM Corporat,iShares J.P. Morgan EM Corporate Bond ETF,ETF,Emerging Markets Bond,iShares,
32,CEW,WisdomTree Emerging Currency St,WisdomTree Emerging Currency Strategy Fund,ETF,Emerging-Markets Local-Currency Bond,WisdomTree,
33,CGW,Invesco S&P Global Water Index ,Invesco S&P Global Water Index ETF,ETF,Natural Resources,Invesco,
34,CHIE,Global X MSCI China Energy ETF,Global X MSCI China Energy ETF,ETF,China Region,Global X Funds,
35,CHIK,Global X Funds Global X MSCI Ch,Global X MSCI China Information Technology ETF,ETF,China Region,Global X Funds,
36,CHIM,Global X MSCI China Materials E,Global X MSCI China Materials ETF,ETF,China Region,Global X Funds,
37,CHIQ,Global X MSCI China Consumer Di,Global X MSCI China Consumer Discretionary ETF,ETF,China Region,Global X Funds,
38,CHIS,Global X Funds Global X MSCI Ch,Global X MSCI China Consumer Staples ETF,ETF,China Region,Global X Funds,
39,CMBS,iShares CMBS Bond ETF,iShares CMBS ETF,ETF,Securitized Bond - Focused,iShares,
40,CNRG,State Street SPDR S&P Kensho Cl,State Street SPDR S&P Kensho Clean Power ETF,ETF,Equity Energy,State Street Investment Management,
41,CNXT,VanEck ChiNext ETF,VanEck ChiNext ETF,ETF,China Region,VanEck,
42,CNYA,iShares MSCI China A ETF,iShares MSCI China A ETF,ETF,China Region,iShares,
43,COWZ,Pacer US Cash Cows 100 ETF,Pacer US Cash Cows 100 ETF,ETF,Mid-Cap Value,Pacer,
44,CSA,VictoryShares US Small Cap Vola,VictoryShares US Small Cap Volatility Wtd ETF,ETF,Small Blend,Victory Capital,
45,CSB,VictoryShares US Small Cap High,VictoryShares US Small Cap High Div Volatility Wtd ETF,ETF,Small Value,Victory Capital Management Inc.,
46,CSF,VictoryShares US Discovery Enha,VictoryShares US Discovery Enhanced Volatility Wtd ETF,ETF,Small Blend,Victory Capital,
47,CSM,ProShares Large Cap Core Plus,ProShares Large Cap Core Plus,ETF,Large Blend,ProShares,
48,CWB,State Street SPDR Bloomberg Con,State Street SPDR Bloomberg Convertible Securities ETF,ETF,Convertibles,State Street Investment Management,
49,DALI,First Trust Dorsey Wright DALI ,First Trust Dorsey Wright DALI 1 ETF,ETF,Tactical Allocation,First Trust,
50,DBAW,Xtrackers MSCI All World ex US ,Xtrackers MSCI All World ex US Hedged Equity ETF,ETF,Foreign Large Blend,Xtrackers,
51,DBC,Invesco DB Commodity Index Trac,Invesco DB Commodity Index Tracking Fund,ETF,Commodities Broad Basket,Invesco,
52,DBEF,Xtrackers MSCI EAFE Hedged Equi,Xtrackers MSCI EAFE Hedged Equity ETF,ETF,Foreign Large Blend,Xtrackers,
53,DBEM,Xtrackers MSCI Emerging Markets,Xtrackers MSCI Emerging Markets Hedged Equity ETF,ETF,Diversified Emerging Mkts,Xtrackers,
54,DBEU,Xtrackers MSCI Europe Hedged Eq,Xtrackers MSCI Europe Hedged Equity ETF,ETF,Europe Stock,Xtrackers,
55,DBEZ,Xtrackers MSCI Eurozone Hedged ,Xtrackers MSCI Eurozone Hedged Equity ETF,ETF,Europe Stock,Xtrackers,
56,DBJP,Xtrackers MSCI Japan Hedged Equ,Xtrackers MSCI Japan Hedged Equity ETF,ETF,Japan Stock,Xtrackers,
57,DDLS,WisdomTree Dynamic Internationa,WisdomTree Dynamic International SmallCap Equity ETF,ETF,Foreign Small/Mid Value,WisdomTree,
58,DDWM,WisdomTree Dynamic Internationa,WisdomTree Dynamic International Equity ETF,ETF,Foreign Large Value,WisdomTree,
59,DFE,WisdomTree Europe SmallCap Divi,WisdomTree Europe SmallCap Dividend Fund,ETF,Europe Stock,WisdomTree,
60,DFND,Siren DIVCON Dividend Defender ,Siren DIVCON Dividend Defender ETF,ETF,Long-Short Equity,SRN Advisors,
61,DGRO,iShares Core Dividend Growth ET,iShares Core Dividend Growth ETF,ETF,Large Value,iShares,
62,DGRW,WisdomTree U.S. Quality Dividen,WisdomTree U.S. Quality Dividend Growth Fund,ETF,Large Blend,WisdomTree,
63,DGS,WisdomTree Emerging Market Smal,WisdomTree Emerging Markets SmallCap Dividend Fund,ETF,Diversified Emerging Mkts,WisdomTree,
64,DGT,State Street SPDR Global Dow ET,State Street SPDR Global Dow ETF,ETF,Global Large-Stock Value,State Street Investment Management,
65,DIA,SPDR Dow Jones Industrial Avera,SPDR Dow Jones Industrial Average ETF Trust,ETF,Large Value,State Street Investment Management,
66,DIVB,iShares Core Dividend ETF,iShares Core Dividend ETF,ETF,Large Value,iShares,
67,DIVO,Amplify CWP Enhanced Dividend I,Amplify CWP Enhanced Dividend Income ETF,ETF,Derivative Income,Amplify ETFs,
68,DLN,WisdomTree U.S. LargeCap Divide,WisdomTree U.S. LargeCap Dividend Fund,ETF,Large Value,WisdomTree,
69,DRSK,Aptus Defined Risk ETF,Aptus Defined Risk ETF,ETF,Intermediate Core-Plus Bond,APTUS ETFs,
70,DSI,iShares ESG MSCI KLD 400 ETF,iShares ESG MSCI KLD 400 ETF,ETF,Large Blend,iShares,
71,DSTL,Distillate U.S. Fundamental Sta,Distillate U.S. Fundamental Stability & Value ETF,ETF,Large Value,Distillate Capital Partners,
72,DTD,WisdomTree U.S. Total Dividend ,WisdomTree U.S. Total Dividend Fund,ETF,Large Value,WisdomTree,
73,DVY,iShares Select Dividend ETF,iShares Select Dividend ETF,ETF,Mid-Cap Value,iShares,
74,DWAS,Invesco Dorsey Wright SmallCap ,Invesco DWA SmallCap Momentum ETF,ETF,Small Blend,Invesco,
75,DWAT,Arrow Investments Trust Arrow D,Arrow DWA Tactical: Macro ETF,ETF,Tactical Allocation,ArrowShares,
76,DWMC,AdvisorShares Dorsey Wright Sma,AdvisorShares Dorsey Wright Micro-Cap ETF,ETF,Small Blend,AdvisorShares,
77,DXJ,WisdomTree Japan Hedged Equity ,WisdomTree Japan Hedged Equity Fund,ETF,Japan Stock,WisdomTree,
78,DXJS,WisdomTree Japan Hedged SmallCa,WisdomTree Japan Opportunities Fund,ETF,Japan Stock,WisdomTree,
79,ECH,iShares MSCI Chile ETF,iShares MSCI Chile ETF,ETF,Miscellaneous Region,iShares,
80,EEMS,iShares MSCI Emerging Markets S,iShares MSCI Emerging Markets Small-Cap ETF,ETF,Diversified Emerging Mkts,iShares,
81,EES,WisdomTree U.S. SmallCap Fund,WisdomTree U.S. SmallCap Earnings Fund,ETF,Small Value,WisdomTree,
82,EKAR,Innovation Shares NextGen Vehic,Capital Link Global Green Energy Transport & Technology Leaders ETF,ETF,Global Large-Stock Blend,Innovation Shares,
83,EMCB,WisdomTree Emerging Markets Cor,WisdomTree Emerging Markets Corporate Bond Fund,ETF,Emerging Markets Bond,WisdomTree,
84,EMCR,Xtrackers Emerging Markets Carb,Xtrackers Emerging Markets Carbon Reduction and Climate Improvers ETF,ETF,Diversified Emerging Mkts,Xtrackers,
85,EMGF,iShares Emerging Markets Equity,iShares Emerging Markets Equity Factor ETF,ETF,Diversified Emerging Mkts,iShares,
86,EMHY,iShares J.P. Morgan EM High Yie,iShares J.P. Morgan EM High Yield Bond ETF,ETF,Emerging Markets Bond,iShares,
87,EMLP,First Trust North American Ener,First Trust North American Energy Infrastructure Fund,ETF,Energy Limited Partnership,First Trust,
88,EMTL,State Street DoubleLine Emergin,State Street DoubleLine Emerging Markets Fixed Income ETF,ETF,Emerging Markets Bond,State Street Investment Management,
89,EMXC,iShares MSCI Emerging Markets e,iShares MSCI Emerging Markets ex China ETF,ETF,Diversified Emerging Mkts,iShares,
90,ENFR,Alerian Energy Infrastructure E,Alerian Energy Infrastructure ETF,ETF,Energy Limited Partnership,ALPS,
91,EPU,iShares MSCI Peru and Global Ex,iShares MSCI Peru ETF,ETF,Miscellaneous Region,iShares,
92,EQAL,Invesco Russell 1000 Equal Weig,Invesco Russell 1000 Equal Weight ETF,ETF,Mid-Cap Blend,Invesco,
93,EQWL,Invesco S&P 100 Equal Weight ET,Invesco S&P 100 Equal Weight ETF,ETF,Large Value,Invesco,
94,ESG,FlexShares STOXX US ESG Select ,FlexShares STOXX US ESG Select Index Fund,ETF,Large Blend,Flexshares Trust,
95,ESGD,iShares ESG Aware MSCI EAFE ETF,iShares ESG Aware MSCI EAFE ETF,ETF,Foreign Large Blend,iShares,
96,ESGG,FlexShares STOXX Global ESG Sel,FlexShares STOXX Global ESG Select Index Fund,ETF,Global Large-Stock Blend,Flexshares Trust,
97,ESGS,Columbia U.S. ESG Equity Income,Columbia U.S. Equity Income ETF,ETF,Large Value,Columbia Threadneedle,
98,ESGU,iShares ESG Aware MSCI USA ETF,iShares ESG Aware MSCI USA ETF,ETF,Large Blend,iShares,
99,ESGV,Vanguard ESG U.S. Stock ETF,Vanguard ESG U.S. Stock ETF,ETF,Large Blend,Vanguard,
100,ESPO,VanEck Video Gaming and eSports,VanEck Video Gaming and eSports ETF,ETF,Communications,VanEck,
101,ETHO,Amplify Etho Climate Leadership,Amplify Etho Climate Leadership U.S. ETF,ETF,Mid-Cap Blend,Amplify ETFs,
102,EUDG,WisdomTree Europe Quality Divid,WisdomTree Europe Quality Dividend Growth Fund,ETF,Europe Stock,WisdomTree,
103,EUSC,WisdomTree Europe Hedged SmallC,WisdomTree European Opportunities Fund,ETF,Europe Stock,WisdomTree,
104,EWC,iShares MSCI Canada Index Fund,iShares MSCI Canada ETF,ETF,Miscellaneous Region,iShares,
105,EWCO,Invesco S&P 500 Equal Weight Co,Invesco S&P 500 Equal Weight Communication Services ETF,ETF,Communications,Invesco,
106,EWD,iShares MSCI Sweden ETF,iShares MSCI Sweden ETF,ETF,Miscellaneous Region,iShares,
107,EWJV,iShares MSCI Japan Value ETF,iShares MSCI Japan Value ETF,ETF,Japan Stock,iShares,
108,EWL,iShares MSCI Switzerland ETF,iShares MSCI Switzerland ETF,ETF,Miscellaneous Region,iShares,
109,EWM,iShares MSCI Malaysia Index Fun,iShares MSCI Malaysia ETF,ETF,Miscellaneous Region,iShares,
110,EWRE,Invesco S&P 500 Equal Weight Re,Invesco S&P 500 Equal Weight Real Estate ETF,ETF,Real Estate,Invesco,
111,EWSC,Invesco S&P SmallCap 600 Equal ,Invesco S&P SmallCap 600 Equal Weight ETF,ETF,Small Blend,Invesco,
112,EWT,iShares MSCI Taiwan ETF,iShares MSCI Taiwan ETF,ETF,China Region,iShares,
113,EWW,iShares MSCI Mexico ETF,iShares MSCI Mexico ETF,ETF,Miscellaneous Region,iShares,
114,EWX,SPDR S&P Emerging Markets Small,SPDR S&P Emerging Markets Small Cap ETF,ETF,Diversified Emerging Mkts,State Street Investment Management,
115,EYLD,Cambria Emerging Shareholder Yi,Cambria Emerging Shareholder Yield ETF,ETF,Diversified Emerging Mkts,Cambria Investment Management,
116,EZA,iShares MSCI South Africa Index,iShares MSCI South Africa ETF,ETF,Miscellaneous Region,iShares,
117,EZM,WisdomTree U.S. MidCap Fund,WisdomTree U.S. MidCap Earnings Fund,ETF,Small Value,WisdomTree,
118,FAD,First Trust Multi Cap Growth Al,First Trust Multi Cap Growth AlphaDEX Fund,ETF,Mid-Cap Growth,First Trust,
119,FALN,iShares Fallen Angels USD Bond ,iShares Fallen Angels USD Bond ETF,ETF,High Yield Bond,iShares,
120,FBND,Fidelity Total Bond ETF,Fidelity Total Bond ETF,ETF,Intermediate Core-Plus Bond,Fidelity Investments,
121,FBZ,First Trust Brazil AlphaDEX Fun,First Trust Brazil AlphaDEX Fund,ETF,Latin America Stock,First Trust,
122,FCAL,First Trust California Municipa,First Trust California Municipal High Income ETF,ETF,Muni California Long,First Trust,
123,FCEF,First Trust Income Opportunitie,First Trust Income Opportunity ETF,ETF,Global Moderately Conservative Allocation,First Trust,
124,FCOM,Fidelity MSCI Communication Ser,Fidelity MSCI Communication Services Index ETF,ETF,Communications,Fidelity Investments,
125,FDHY,Fidelity Enhanced High Yield ET,Fidelity Enhanced High Yield ETF,ETF,High Yield Bond,Fidelity Investments,
126,FDIS,Fidelity MSCI Consumer Discreti,Fidelity MSCI Consumer Discretionary Index ETF,ETF,Consumer Cyclical,Fidelity Investments,
127,FDM,First Trust DJ Select MicroCap ,First Trust Dow Jones Select MicroCap Index Fund,ETF,Small Value,First Trust,
128,FDRR,Fidelity Dividend ETF for Risin,Fidelity Dividend ETF for Rising Rates,ETF,Large Value,Fidelity Investments,
129,FDVV,Fidelity High Dividend ETF,Fidelity High Dividend ETF,ETF,Large Value,Fidelity Investments,
130,FEMS,First Trust Emerging Markets Sm,First Trust Emerging Markets Small Cap AlphaDEX Fund,ETF,Diversified Emerging Mkts,First Trust,
131,FENY,Fidelity MSCI Energy Index ETF,Fidelity MSCI Energy Index ETF,ETF,Equity Energy,Fidelity Investments,
132,FFHG,Formula Folios Hedged Growth ET,FormulaFolios Hedged Growth ETF,ETF,Long-Short Equity,FormulaFolioFunds,
133,FFSG,FormulaFolios Smart Growth ETF,FormulaFolios Smart Growth ETF,ETF,Aggressive Allocation,FormulaFolioFunds,
134,FGD,First Trust DJ Global Select Di,First Trust Dow Jones Global Select Dividend Index Fund,ETF,Foreign Large Value,First Trust,
135,FHLC,Fidelity MSCI Health Care Index,Fidelity MSCI Health Care Index ETF,ETF,Health,Fidelity Investments,
136,FILL,iShares MSCI Global Energy Prod,iShares U.S. Power Infrastructure ETF,ETF,Infrastructure,iShares,
137,FIVG,"FIVG,136311,166600",Defiance Connective Technologies ETF,ETF,Technology,Defiance ETFs,
138,FIW,First Trust Water ETF,First Trust Water ETF,ETF,Natural Resources,First Trust,
139,FIXD,First Trust Smith Opportunistic,First Trust Smith Opportunistic Fixed Income ETF,ETF,Intermediate Core-Plus Bond,First Trust,
140,FLBL,Franklin Senior Loan ETF,Franklin Senior Loan ETF,ETF,Bank Loan,Franklin Templeton Investments,
141,FLEH,Franklin FTSE Europe Hedged ETF,Franklin FTSE Europe Hedged ETF,ETF,Europe Stock,Franklin Templeton Investments,
142,FLIA,Franklin International Aggregat,Franklin International Aggregate Bond ETF,ETF,Global Bond-USD Hedged,Franklin Templeton Investments,
143,FLJH,Franklin FTSE Japan Hedged ETF,Franklin FTSE Japan Hedged ETF,ETF,Japan Stock,Franklin Templeton Investments,
144,FLLA,Franklin FTSE Latin America ETF,Franklin FTSE Latin America ETF,ETF,Latin America Stock,Franklin Templeton Investments,
145,FLMI,Franklin Dynamic Municipal Bond,Franklin Dynamic Municipal Bond ETF,ETF,High Yield Muni,Franklin Templeton Investments,
146,FLN,First Trust Latin America Alpha,First Trust Latin America AlphaDEX Fund,ETF,Latin America Stock,First Trust,
147,FLOT,iShares Floating Rate Bond ETF,iShares Floating Rate Bond ETF,ETF,Ultrashort Bond,iShares,
148,FLQM,Franklin U.S. Mid Cap Multifact,Franklin U.S. Mid Cap Multifactor Index ETF,ETF,Mid-Cap Blend,Franklin Templeton Investments,
149,FLRN,State Street SPDR Bloomberg Inv,State Street SPDR Bloomberg Investment Grade Floating Rate ETF,ETF,Ultrashort Bond,State Street Investment Management,
150,FLTR,VanEck IG Floating Rate ETF,VanEck IG Floating Rate ETF,ETF,Ultrashort Bond,VanEck,
151,FLTW,Franklin FTSE Taiwan ETF,Franklin FTSE Taiwan ETF,ETF,China Region,Franklin Templeton Investments,
152,FMB,First Trust Managed Municipal E,First Trust Managed Municipal ETF,ETF,Muni National Interm,First Trust,
153,FNCL,Fidelity MSCI Financials Index ,Fidelity MSCI Financials Index ETF,ETF,Financial,Fidelity Investments,
154,FNDA,Schwab Fundamental U.S. Small C,Schwab Fundamental U.S. Small Company ETF,ETF,Small Blend,Schwab ETFs,
155,FNDB,Schwab Fundamental U.S. Broad M,Schwab Fundamental U.S. Broad Market ETF,ETF,Large Value,Schwab ETFs,
156,FNDE,Schwab Fundamental Emerging Mar,Schwab Fundamental Emerging Markets Equity ETF,ETF,Diversified Emerging Mkts,Schwab ETFs,
157,FNDF,Schwab Fundamental Internationa,Schwab Fundamental International Equity ETF,ETF,Foreign Large Value,Schwab ETFs,
158,FNDX,Schwab Fundamental U.S. Large C,Schwab Fundamental U.S. Large Company ETF,ETF,Large Value,Schwab ETFs,
159,FNX,First Trust Mid Cap Core AlphaD,First Trust Mid Cap Core AlphaDEX Fund,ETF,Mid-Cap Blend,First Trust,
160,FNY,First Trust Mid Cap Growth Alph,First Trust Mid Cap Growth AlphaDEX Fund,ETF,Mid-Cap Growth,First Trust,
161,FPE,First Trust Preferred Securitie,First Trust Preferred Securities and Income ETF,ETF,Preferred Stock,First Trust,
162,FPEI,First Trust Institutional Prefe,First Trust Institutional Preferred Securities and Income ETF,ETF,Preferred Stock,First Trust,
163,FPXI,First Trust International Equit,First Trust International Equity Opportunities ETF,ETF,Foreign Large Growth,First Trust,
164,FSMB,First Trust Short Duration Mana,First Trust Short Duration Managed Municipal ETF,ETF,Muni National Short,First Trust,
165,FSMD,Fidelity Small-Mid Multifactor ,Fidelity Small-Mid Multifactor ETF,ETF,Small Blend,Fidelity Investments,
166,FSTA,Fidelity MSCI COnsumer Staples ,Fidelity MSCI Consumer Staples Index ETF,ETF,Consumer Defensive,Fidelity Investments,
167,FTCS,First Trust Capital Strength ET,First Trust Capital Strength ETF,ETF,Large Blend,First Trust,
168,FTEC,Fidelity MSCI Information Techn,Fidelity MSCI Information Technology Index ETF,ETF,Technology,Fidelity Investments,
169,FTLS,First Trust Long/Short Equity,First Trust Long/Short Equity ETF,ETF,Long-Short Equity,First Trust,
170,FTSL,First Trust Senior Loan Fund,First Trust Senior Loan Fund,ETF,Bank Loan,First Trust,
171,FTXL,First Trust Nasdaq Semiconducto,First Trust Nasdaq Semiconductor ETF,ETF,Technology,First Trust,
172,FTXN,First Trust Nasdaq Oil & Gas ET,First Trust Nasdaq Oil & Gas ETF,ETF,Equity Energy,First Trust,
173,FUTY,Fidelity MSCI Utilities Index E,Fidelity MSCI Utilities Index ETF,ETF,Utilities,Fidelity Investments,
174,FVAL,Fidelity Value Factor ETF,Fidelity Value Factor ETF,ETF,Large Value,Fidelity Investments,
175,FXG,First Trust Cons. Staples Alpha,First Trust Consumer Staples AlphaDEX Fund,ETF,Consumer Defensive,First Trust,
176,FXO,First Trust Financials AlphaDEX,First Trust Financials AlphaDEX Fund,ETF,Financial,First Trust,
177,FXZ,First Trust Materials AlphaDEX ,First Trust Materials AlphaDEX Fund,ETF,Natural Resources,First Trust,
178,FYLD,Cambria Foreign Shareholder Yie,Cambria Foreign Shareholder Yield ETF,ETF,Foreign Small/Mid Value,Cambria Investment Management,
179,FYT,First Trust Small Cap Value Alp,First Trust Small Cap Value AlphaDEX Fund,ETF,Small Value,First Trust,
180,FYX,First Trust Small Cap Core Alph,First Trust Small Cap Core AlphaDEX Fund,ETF,Small Blend,First Trust,
181,GDMA,GadsdenA DynamicA Multi-AssetA ,Gadsden Dynamic Multi-Asset ETF,ETF,Global Moderately Conservative Allocation,Gadsden,
182,GLD,SPDR Gold Shares,SPDR Gold Shares,ETF,Commodities Focused,State Street Investment Management,
183,GMF,SPDR S&P Emerging Asia Pacific ,SPDR S&P Emerging Asia Pacific ETF,ETF,Pacific/Asia ex-Japan Stk,State Street Investment Management,
184,GMOM,Cambria Global Momentum ETF,Cambria Global Momentum ETF,ETF,Tactical Allocation,Cambria Investment Management,
185,GRNB,VanEck Green Bond ETF,VanEck Green Bond ETF,ETF,Global Bond,VanEck,
186,GSIE,Goldman Sachs ActiveBeta Intern,Goldman Sachs ActiveBeta International Equity ETF,ETF,Foreign Large Blend,Goldman Sachs,
187,GSLC,Goldman Sachs ActiveBeta U.S. L,Goldman Sachs ActiveBeta U.S. Large Cap Equity ETF,ETF,Large Blend,Goldman Sachs,
188,GSSC,GS ActiveBeta U.S. Small Cap Eq,Goldman Sachs ActiveBeta U.S. Small Cap Equity ETF,ETF,Small Blend,Goldman Sachs,
189,GSY,Invesco Ultra Short Duration ET,Invesco Ultra Short Duration ETF,ETF,Ultrashort Bond,Invesco,
190,GTO,Invesco Total Return Bond ETF,Invesco Total Return Bond ETF,ETF,Intermediate Core-Plus Bond,Invesco,
191,GXG,Global X MSCI Colombia ETF,Global X MSCI Colombia ETF,ETF,Miscellaneous Region,Global X Funds,
192,HAIL,State Street SPDR S&P Kensho Sm,State Street SPDR S&P Kensho Smart Mobility ETF,ETF,Technology,State Street Investment Management,
193,HAWX,iShares Currency Hedged MSCI AC,iShares Currency Hedged MSCI ACWI ex U.S. ETF,ETF,Foreign Large Blend,iShares,
194,HDEF,Xtrackers MSCI EAFE High Divide,Xtrackers MSCI EAFE High Dividend Yield Equity ETF,ETF,Foreign Large Value,Xtrackers,
195,HEDJ,WisdomTree Europe Hedged Equity,WisdomTree Europe Hedged Equity Fund,ETF,Europe Stock,WisdomTree,
196,HEEM,iShares Currency Hedged MSCI Em,iShares Currency Hedged MSCI Emerging Markets ETF,ETF,Diversified Emerging Mkts,iShares,
197,HEFA,iShares Currency Hedged MSCI EA,iShares Currency Hedged MSCI EAFE ETF,ETF,Foreign Large Blend,iShares,
198,HEWJ,iShares Currency Hedged MSCI Ja,iShares Currency Hedged MSCI Japan ETF,ETF,Japan Stock,iShares,
199,HEZU,iShares Currency Hedged MSCI Eu,iShares Currency Hedged MSCI Eurozone ETF,ETF,Europe Stock,iShares,
200,HFXI,NYLI FTSE International Equity ,NYLI FTSE International Equity Currency Neutral ETF,ETF,Foreign Large Blend,New York Life Investment Management LLC,
201,HJPX,iShares Currency Hedged JPX-Nik,iShares Currency Hedged JPX-Nikkei 400 ETF,ETF,Japan Stock,iShares,
202,HMOP,Hartford Municipal Opportunitie,Hartford Municipal Opportunities ETF,ETF,Muni National Interm,Hartford Mutual Funds,
203,HNDL,Strategy Shares Nasdaq 7HANDL I,Strategy Shares Nasdaq 7 Handl Index ETF,ETF,Moderately Conservative Allocation,Strategy Shares,
204,HOMZ,Hoya Capital Housing ETF,The Hoya Capital Housing ETF,ETF,Mid-Cap Value,Hoya Capital Real Estate,
205,HSCZ,iShares Currency Hedged MSCI EA,iShares Currency Hedged MSCI EAFE Small-Cap ETF,ETF,Foreign Small/Mid Blend,iShares,
206,HSRT,Hartford AAA CLO ETF,Hartford AAA CLO ETF,ETF,Securitized Bond - Focused,Hartford Mutual Funds,
207,HTAB,Hartford Schroders Tax-Aware Bo,Hartford Schroders Tax-Aware Bond ETF,ETF,Intermediate Core Bond,Hartford Mutual Funds,
208,HTUS,Hull Tactical US ETF,Hull Tactical US ETF,ETF,Equity Hedged,Hull Tactical Funds,
209,HYDB,iShares High Yield Systematic B,iShares High Yield Systematic Bond ETF,ETF,High Yield Bond,iShares,
210,HYEM,VanEck Emerging Markets High Yi,VanEck Emerging Markets High Yield Bond ETF,ETF,Emerging Markets Bond,VanEck,
211,HYGH,iShares Interest Rate Hedged Hi,iShares Interest Rate Hedged High Yield Bond ETF,ETF,High Yield Bond,iShares,
212,HYGV,FlexShares High Yield Value-Sco,FlexShares High Yield Value-Scored Bond Index Fund,ETF,High Yield Bond,Flexshares Trust,
213,HYHG,ProShares High Yield Interest R,ProShares High Yield—Interest Rate Hedged,ETF,Nontraditional Bond,ProShares,
214,HYZD,WisdomTree Interest Rate Hedged,WisdomTree Interest Rate Hedged High Yield Bond Fund,ETF,Nontraditional Bond,WisdomTree,
215,IAGG,iShares International Aggregate,iShares Core International Aggregate Bond ETF,ETF,Global Bond-USD Hedged,iShares,
216,IAI,iShares U.S. Broker-Dealers & S,iShares U.S. Broker-Dealers & Securities Exchanges ETF,ETF,Financial,iShares,
217,IAK,iShares U.S. Insurance ETF,iShares U.S. Insurance ETF,ETF,Financial,iShares,
218,IAU,iShares Gold Trust Shares,iShares Gold Trust,ETF,Commodities Focused,iShares,
219,ICF,iShares Select U.S. REIT ETF,iShares Select U.S. REIT ETF,ETF,Real Estate,iShares,
220,ICOW,Pacer Developed Markets Interna,Pacer Developed Markets International Cash Cows 100 ETF,ETF,Foreign Large Value,Pacer,
221,ICSH,iShares Ultra Short Duration Bo,iShares Ultra Short Duration Bond Active ETF,ETF,Ultrashort Bond,iShares,
222,ICVT,iShares Convertible Bond ETF,iShares Convertible Bond ETF,ETF,Convertibles,iShares,
223,IDEV,iShares Core MSCI International,iShares Core MSCI International Developed Markets ETF,ETF,Foreign Large Blend,iShares,
224,IDHQ,Invesco S&P International Devel,Invesco S&P International Developed Quality ETF,ETF,Foreign Large Growth,Invesco,
225,IDMO,Invesco S&P International Devel,Invesco S&P International Developed Momentum ETF,ETF,Foreign Large Blend,Invesco,
226,IDOG,ALPS International Sector Divid,ALPS International Sector Dividend Dogs ETF,ETF,Foreign Large Value,ALPS,
227,IDX,VanEck Indonesia Index ETF,VanEck Indonesia Index ETF,ETF,Miscellaneous Region,VanEck,
228,IEFN,iShares Evolved U.S. Financials,iShares Evolved U.S. Financials ETF,ETF,Financial,iShares,
229,IEHS,iShares Evolved U.S. Healthcare,iShares Evolved U.S. Healthcare Staples ETF,ETF,Health,iShares,
230,IEI,iShares 3-7 Year Treasury Bond ,iShares 3-7 Year Treasury Bond ETF,ETF,Intermediate Government,iShares,
231,IEIH,iShares Evolved U.S. Innovative,iShares Evolved U.S. Innovative Healthcare ETF,ETF,Health,iShares,
232,IEO,iShares U.S. Oil & Gas Explorat,iShares U.S. Oil & Gas Exploration & Production ETF,ETF,Equity Energy,iShares,
233,IETC,iShares U.S. Tech Independence ,iShares U.S. Tech Independence Focused ETF,ETF,Technology,iShares,
234,IEUS,iShares MSCI Europe Small-Cap E,iShares MSCI Europe Small-Cap ETF,ETF,Europe Stock,iShares,
235,IFRA,iShares U.S. Infrastructure ETF,iShares U.S. Infrastructure ETF,ETF,Infrastructure,iShares,
236,IGBH,iShares Interest Rate Hedged Lo,iShares Interest Rate Hedged Long-Term Corporate Bond ETF,ETF,Ultrashort Bond,iShares,
237,IGEB,iShares Investment Grade System,iShares Investment Grade Systematic Bond ETF,ETF,Corporate Bond,iShares,
238,IGM,iShares Expanded Tech Sector ET,iShares Expanded Tech Sector ETF,ETF,Technology,iShares,
239,IGRO,iShares International Dividend ,iShares International Dividend Growth ETF,ETF,Foreign Large Blend,iShares,
240,IGSB,iShares 1-5 Year Investment Gra,iShares 1-5 Year Investment Grade Corporate Bond ETF,ETF,Short-Term Bond,iShares,
241,IHDG,WisdomTree International Hedged,WisdomTree International Hedged Quality Dividend Growth Fund,ETF,Foreign Large Growth,WisdomTree,
242,IHF,iShares U.S. Health Care Provid,iShares U.S. Healthcare Providers ETF,ETF,Health,iShares,
243,IHI,iShares U.S. Medical Devices ET,iShares U.S. Medical Devices ETF,ETF,Health,iShares,
244,IJH,iShares Core S&P Mid-Cap ETF,iShares Core S&P Mid-Cap ETF,ETF,Mid-Cap Blend,iShares,
245,IJJ,iShares S&P Mid-Cap 400 Value E,iShares S&P Mid-Cap 400 Value ETF,ETF,Small Value,iShares,
246,IJR,iShares Core S&P Small-Cap ETF,iShares Core S&P Small-Cap ETF,ETF,Small Blend,iShares,
247,IJS,iShares S&P SmallCap 600 Value ,iShares S&P Small-Cap 600 Value ETF,ETF,Small Value,iShares,
248,IJT,iShares S&P SmallCap 600 Growth,iShares S&P Small-Cap 600 Growth ETF,ETF,Small Growth,iShares,
249,ILCB,iShares Morningstar Large-Cap E,iShares Morningstar U.S. Equity ETF,ETF,Large Blend,iShares,
250,ILCG,iShares Morningstar Large-Cap G,iShares Morningstar Growth ETF,ETF,Large Growth,iShares,
251,IMCB,iShares Morningstar Mid-Cap ETF,iShares Morningstar Mid-Cap ETF,ETF,Mid-Cap Blend,iShares,
252,IMCG,iShares Morningstar Mid-Cap Gro,iShares Morningstar Mid-Cap Growth ETF,ETF,Mid-Cap Growth,iShares,
253,IMCV,iShares Morningstar Mid-Cap Val,iShares Morningstar Mid-Cap Value ETF,ETF,Mid-Cap Value,iShares,
254,INCO,Columbia India Consumer ETF,Columbia India Consumer ETF,ETF,India Equity,Columbia Threadneedle,
255,INDS,Pacer Industrial Real Estate ET,Pacer Benchmark Industrial Real Estate SCTR ETF,ETF,Real Estate,Pacer,
256,IOO,iShares Global 100 ETF,iShares Global 100 ETF,ETF,Global Large-Stock Blend,iShares,
257,IPAC,iShares Core MSCI Pacific ETF,iShares Core MSCI Pacific ETF,ETF,Diversified Pacific/Asia,iShares,
258,IPKW,Invesco International BuyBack A,Invesco International BuyBack Achievers ETF,ETF,Foreign Large Value,Invesco,
259,IQDY,FlexShares International Qualit,FlexShares International Quality Dividend Dynamic Index Fund,ETF,Foreign Large Value,Flexshares Trust,
260,IQIN,NYLI 500 International ETF,NYLI 500 International ETF,ETF,Foreign Large Value,New York Life Investment Management LLC,
261,IQLT,iShares MSCI Intl Quality Facto,iShares MSCI Intl Quality Factor ETF,ETF,Foreign Large Blend,iShares,
262,ISCF,iShares International Small-Cap,iShares MSCI Intl Small-Cap Multifactor ETF,ETF,Foreign Small/Mid Blend,iShares,
263,ISDX,Invesco RAFI Strategic Develope,Invesco RAFI Strategic Developed ex-US ETF,ETF,Foreign Large Value,Invesco,
264,ISMD,Inspire Small/Mid Cap ETF,Inspire Small/Mid Cap ETF,ETF,Small Blend,Inspire,
265,ITB,iShares U.S. Home Construction ,iShares U.S. Home Construction ETF,ETF,Consumer Cyclical,iShares,
266,ITOT,iShares Core S&P Total U.S. Sto,iShares Core S&P Total U.S. Stock Market ETF,ETF,Large Blend,iShares,
267,IUS,Invesco RAFI Strategic US ETF,Invesco RAFI Strategic US ETF,ETF,Large Value,Invesco,
268,IUSG,iShares Core S&P U.S. Growth ET,iShares Core S&P U.S. Growth ETF,ETF,Large Growth,iShares,
269,IUSS,Invesco RAFI Strategic US Small,Invesco RAFI Strategic US Small Company ETF,ETF,Small Blend,Invesco,
270,IUSV,iShares Core S&P U.S. Value ETF,iShares Core S&P U.S. Value ETF,ETF,Large Value,iShares,
271,IVOO,Vanguard S&P Mid-Cap 400 ETF,Vanguard S&P Mid-Cap 400 Index Fund ETF Shares,ETF,Mid-Cap Blend,Vanguard,
272,IVOV,Vanguard S&P Mid-Cap 400 Value ,Vanguard S&P Mid-Cap 400 Value Index Fund ETF Shares,ETF,Small Value,Vanguard,
273,IVV,iShares Core S&P 500 ETF,iShares Core S&P 500 ETF,ETF,Large Blend,iShares,
274,IVW,iShares S&P 500 Growth ETF,iShares S&P 500 Growth ETF,ETF,Large Growth,iShares,
275,IWB,iShares Russell 1000 ETF,iShares Russell 1000 ETF,ETF,Large Blend,iShares,
276,IWF,iShares Russell 1000 Growth Fun,iShares Russell 1000 Growth ETF,ETF,Large Growth,iShares,
277,IWL,iShares Russell Top 200 ETF,iShares Russell Top 200 ETF,ETF,Large Blend,iShares,
278,IWR,iShares Russell Mid-Cap ETF,iShares Russell Mid-Cap ETF,ETF,Mid-Cap Blend,iShares,
279,IWY,iShares Russell Top 200 Growth ,iShares Russell Top 200 Growth ETF,ETF,Large Growth,iShares,
280,IXC,iShares Global Energy ETF,iShares Global Energy ETF,ETF,Equity Energy,iShares,
281,IXN,iShares Global Tech ETF,iShares Global Tech ETF,ETF,Technology,iShares,
282,IYE,iShares U.S. Energy ETF,iShares U.S. Energy ETF,ETF,Equity Energy,iShares,
283,IYG,iShares U.S. Financial Services,iShares U.S. Financial Services ETF,ETF,Financial,iShares,
284,IYH,iShares U.S. Healthcare ETF,iShares U.S. Healthcare ETF,ETF,Health,iShares,
285,IYK,iShares U.S. Consumer Staples E,iShares US Consumer Staples ETF,ETF,Consumer Defensive,iShares,
286,IYW,iShares U.S. Technology ETF,iShares U.S. Technology ETF,ETF,Technology,iShares,
287,JCPB,JPMorgan Core Plus Bond ETF,JPMorgan Core Plus Bond ETF,ETF,Intermediate Core-Plus Bond,JPMorgan,
288,JDIV,JPMorgan Dividend Leaders ETF,JPMorgan Dividend Leaders ETF,ETF,Global Large-Stock Blend,JPMorgan,
289,JHMF,John Hancock Multifactor Financ,John Hancock Multifactor Financials ETF,ETF,Financial,John Hancock,
290,JHMH,John Hancock Multifactor Health,John Hancock Multifactor Health Care ETF,ETF,Health,John Hancock,
291,JHMI,John Hancock Multifactor Indust,John Hancock Multifactor Industrials ETF,ETF,Industrials,John Hancock,
292,JHMM,John Hancock Multifactor Mid Ca,John Hancock Multifactor Mid Cap ETF,ETF,Mid-Cap Blend,John Hancock,
293,JHMS,John Hancock Multifactor Consum,John Hancock Multifactor Consumer Staples ETF,ETF,Consumer Defensive,John Hancock,
294,JHMT,John Hancock Multifactor Techno,John Hancock Multifactor Technology ETF,ETF,Technology,John Hancock,
295,JMBS,Janus Henderson Mortgage-Backed,Janus Henderson Mortgage-Backed Securities ETF,ETF,Government Mortgage-Backed Bond,Janus Henderson,
296,JMST,JPMorgan Ultra-Short Municipal ,JPMorgan Ultra-Short Municipal Income ETF,ETF,Muni National Short,JPMorgan,
297,JMUB,JPMorgan Municipal ETF,JPMorgan Municipal ETF,ETF,Muni National Interm,JPMorgan,
298,JPEM,JPMorgan Diversified Return Eme,JPMorgan Diversified Return Emerging Markets Equity ETF,ETF,Diversified Emerging Mkts,JPMorgan,
299,JPME,JPMorgan Diversified Return U.S,JPMorgan Diversified Return U.S. Mid Cap Equity ETF,ETF,Mid-Cap Blend,JPMorgan,
300,JPSE,JPMorgan Diversified Return U.S,JPMorgan Diversified Return U.S. Small Cap Equity ETF,ETF,Small Blend,JPMorgan,
301,JPST,JPMorgan Ultra-Short Income ETF,JPMorgan Ultra-Short Income ETF,ETF,Ultrashort Bond,JPMorgan,
302,JPUS,JPMorgan Diversified Return U.S,JPMorgan Diversified Return U.S. Equity ETF,ETF,Mid-Cap Value,JPMorgan,
303,JUST,Goldman Sachs JUST U.S. Large C,Goldman Sachs JUST U.S. Large Cap Equity ETF,ETF,Large Blend,Goldman Sachs,
304,JVAL,JPMorgan U.S. Value Factor ETF,JPMorgan U.S. Value Factor ETF,ETF,Large Value,JPMorgan,
305,KARS,KraneShares Electric Vehicles a,KraneShares Electric Vehicles and Future Mobility Index ETF,ETF,Industrials,KraneShares,
306,KBA,KraneShares Bosera MSCI China A,KraneShares Bosera MSCI China A 50 Connect Index ETF,ETF,China Region,KraneShares,
307,KBND,KraneShares Bloomberg China Bon,Krane Shares China Credit Index ETF,ETF,Emerging-Markets Local-Currency Bond,KraneShares,
308,KBWP,Invesco KBW Property & Casualty,Invesco KBW Property & Casualty Insurance ETF,ETF,Financial,Invesco,
309,KCE,State Street SPDR S&P Capital M,State Street SPDR S&P Capital Markets ETF,ETF,Financial,State Street Investment Management,
310,KGRN,KraneShares MSCI China Clean Te,KraneShares MSCI China Clean Technology ETF,ETF,China Region,KraneShares,
311,KMED,KraneShares Trust KraneShares E,KraneShares Emerging Markets Healthcare Index ETF,ETF,Diversified Emerging Mkts,KraneShares,
312,KNG,FT Vest S&P 500 Dividend Aristo,FT Cboe Vest S&P 500 Dividend Aristocrats Target Income ETF,ETF,Derivative Income,First Trust,
313,KOMP,State Street SPDR S&P Kensho Ne,State Street SPDR S&P Kensho New Economies Composite ETF,ETF,Mid-Cap Growth,State Street Investment Management,
314,KORP,American Century Diversified Co,American Century Diversified Corporate Bond ETF,ETF,Corporate Bond,American Century Investments,
315,KURE,KraneShares MSCI All China Heal,KraneShares MSCI All China Health Care Index ETF,ETF,China Region,KraneShares,
316,LEAD,Siren DIVCON Leaders Dividend E,Siren DIVCON Leaders Dividend ETF,ETF,Large Blend,SRN Advisors,
317,LGOV,First Trust Long Duration Oppor,First Trust Long Duration Opportunities ETF,ETF,Long Government,First Trust,
318,LIT,Global X Lithium & Battery Tech,Global X Lithium & Battery Tech ETF,ETF,Natural Resources,Global X Funds,
319,LMBS,First Trust Low Duration Opport,First Trust Low Duration Opportunities ETF,ETF,Short Government,First Trust,
320,LQDH,iShares Interest Rate Hedged Co,iShares Interest Rate Hedged Corporate Bond ETF,ETF,Ultrashort Bond,iShares,
321,LQDI,iShares Inflation Hedged Corpor,iShares Inflation Hedged Corporate Bond ETF,ETF,Corporate Bond,iShares,
322,LSST,Natixis ETF Trust Natixis Loomi,Natixis Loomis Sayles Short Duration Income ETF,ETF,Short-Term Bond,Natixis Funds,
323,LTPZ,Pimco 15  Year U.S. TIPS Index ,PIMCO 15+ Year U.S. TIPS Index Exchange-Traded Fund,ETF,Inflation-Protected Bond,PIMCO,
324,LVHI,Franklin International Low Vola,Franklin International Low Volatility High Dividend Index ETF,ETF,Foreign Large Value,Franklin Templeton Investments,
325,MAGA,Point Bridge America First ETF,Point Bridge America First ETF,ETF,Mid-Cap Value,Point Bridge Capital,
326,MBB,iShares MBS ETF,iShares MBS ETF,ETF,Government Mortgage-Backed Bond,iShares,
327,MDYV,State Street SPDR S&P 400 Mid C,State Street SPDR S&P 400 Mid Cap Value ETF,ETF,Small Value,State Street Investment Management,
328,MFDX,PIMCO RAFI Dynamic Multi-Factor,PIMCO RAFI Dynamic Multi-Factor International Equity ETF,ETF,Foreign Large Blend,PIMCO,
329,MFEM,PIMCO RAFI Dynamic Multi-Factor,PIMCO RAFI Dynamic Multi-Factor Emerging Markets Equity ETF,ETF,Diversified Emerging Mkts,PIMCO,
330,MFUS,PIMCO RAFI Dynamic Multi-Factor,PIMCO RAFI Dynamic Multi-Factor U.S. Equity ETF,ETF,Large Value,PIMCO,
331,MGC,Vanguard Mega Cap ETF,Vanguard Mega Cap Index Fund,ETF,Large Blend,Vanguard,
332,MGK,Vanguard Mega Cap Growth ETF,Vanguard Mega Cap Growth Index Fund,ETF,Large Growth,Vanguard,
333,MGV,Vanguard Mega Cap Value ETF,Vanguard Mega Cap Value Index Fund,ETF,Large Value,Vanguard,
334,MLPX,Global X MLP & Energy Infrastru,Global X MLP & Energy Infrastructure ETF,ETF,Energy Limited Partnership,Global X Funds,
335,MMIN,NYLI MacKay Muni Insured ETF,NYLI MacKay Muni Insured ETF,ETF,Muni National Long,New York Life Investment Management LLC,
336,MMIT,NYLI MacKay Muni Intermediate E,NYLI MacKay Muni Intermediate ETF,ETF,Muni National Interm,New York Life Investment Management LLC,
337,MOAT,VanEck Morningstar Wide Moat ET,VanEck Morningstar Wide Moat ETF,ETF,Large Blend,VanEck,
338,MOTG,VanEck Morningstar Global Wide ,VanEck Morningstar Global Wide Moat ETF,ETF,Global Large-Stock Blend,VanEck,
339,MUST,Columbia Multi-Sector Municipal,Columbia Multi-Sector Municipal Income ETF,ETF,Muni National Interm,Columbia Threadneedle,
340,NACP,Impact Shares NAACP Minority Em,Impact Shares NAACP Minority Empowerment ETF,ETF,Large Blend,Impact Shares,
341,NANR,SPDR S&P North American Natural,SPDR S&P North American Natural Resources ETF,ETF,Natural Resources,SPDR State Street Investment Management,
342,NEAR,iShares Short Duration Bond Act,iShares Short Duration Bond Active ETF,ETF,Short-Term Bond,iShares,
343,NOBL,ProShares S&P 500 Dividend Aris,ProShares S&P 500 Dividend Aristocrats ETF,ETF,Large Value,ProShares,
344,NUDM,Nuveen ESG International Develo,Nuveen ESG International Developed Markets Equity ETF,ETF,Foreign Large Blend,Nuveen,
345,NUEM,Nuveen ESG Emerging Markets Equ,Nuveen ESG Emerging Markets Equity ETF,ETF,Diversified Emerging Mkts,Nuveen,
346,NULG,Nuveen ESG Large-Cap Growth ETF,Nuveen ESG Large-Cap Growth ETF,ETF,Large Growth,Nuveen,
347,NUMG,Nuveen ESG Mid-Cap Growth ETF,Nuveen ESG Mid-Cap Growth ETF,ETF,Mid-Cap Growth,Nuveen,
348,NURE,Nuveen Short-Term REIT ETF,Nuveen Short-Term REIT ETF,ETF,Real Estate,Nuveen,
349,NUSC,Nuveen ESG Small-Cap ETF,Nuveen ESG Small-Cap ETF,ETF,Small Blend,Nuveen,
350,NYF,iShares New York Muni Bond ETF,iShares New York Muni Bond ETF,ETF,Muni New York Long,iShares,
351,OEF,iShares S&P 100 Fund,iShares S&P 100 ETF,ETF,Large Blend,iShares,
352,OMFL,Invesco Russell 1000 Dynamic Mu,Invesco Russell 1000 Dynamic Multifactor ETF,ETF,Large Blend,Invesco,
353,OMFS,Invesco Russell 2000 Dynamic Mu,Invesco Russell 2000 Dynamic Multifactor ETF,ETF,Small Blend,Invesco,
354,ONEQ,Fidelity Nasdaq Composite Index,Fidelity Nasdaq Composite Index ETF,ETF,Large Growth,Fidelity Investments,
355,ONEV,State Street SPDR Russell 1000 ,State Street SPDR Russell 1000 Low Volatility Focus ETF,ETF,Mid-Cap Value,State Street Investment Management,
356,ONEY,State Street SPDR Russell 1000 ,State Street SPDR Russell 1000 Yield Focus ETF,ETF,Mid-Cap Value,State Street Investment Management,
357,OPER,ETF ClearShares Ultra-Short Mat,ClearShares Ultra-Short Maturity ETF,ETF,Ultrashort Bond,ClearShares,
358,OUSA,ALPS O'Shares U.S. Quality Divi,ALPS O'Shares U.S. Quality Dividend ETF Shares,ETF,Large Value,ALPS,
359,PAVE,Global X U.S. Infrastructure De,Global X U.S. Infrastructure Development ETF,ETF,Infrastructure,Global X Funds,
360,PBUS,Invesco MSCI USA ETF,Invesco MSCI USA ETF,ETF,Large Blend,Invesco,
361,PDBC,Invesco Optimum Yield Diversifi,Invesco Optimum Yield Diversified Commodity Strategy No K-1 ETF,ETF,Commodities Broad Basket,Invesco,
362,PEXL,Pacer US Export Leaders ETF,Pacer US Export Leaders ETF,ETF,Mid-Cap Blend,Pacer,
363,PEY,Invesco High Yield Equity Divid,Invesco High Yield Equity Dividend Achievers ETF,ETF,Mid-Cap Value,Invesco,
364,PFF,iShares Preferred and Income Se,iShares Preferred and Income Securities ETF,ETF,Preferred Stock,iShares,
365,PFFA,Virtus InfraCap U.S. Preferred ,Virtus InfraCap U.S. Preferred Stock ETF,ETF,Preferred Stock,Virtus,
366,PFXF,VanEck Preferred Securities ex ,VanEck Preferred Securities ex Financials ETF,ETF,Preferred Stock,VanEck,
367,PHDG,Invesco S&P 500 Downside Hedged,Invesco S&P 500 Downside Hedged ETF,ETF,Equity Hedged,Invesco,
368,PHO,Invesco Water Resources ETF,Invesco Water Resources ETF,ETF,Natural Resources,Invesco,
369,PHYL,PGIM Active High Yield Bond ETF,PGIM Active High Yield Bond ETF,ETF,High Yield Bond,PGIM Investments,
370,PICK,iShares MSCI Global Select Meta,iShares MSCI Global Metals & Mining Producers ETF,ETF,Natural Resources,iShares,
371,PID,Invesco International Dividend ,Invesco International Dividend Achievers ETF,ETF,Foreign Large Value,Invesco,
372,PIE,Invesco Dorsey Wright Emerging ,Invesco Dorsey Wright Emerging Markets Momentum ETF,ETF,Diversified Emerging Mkts,Invesco,
373,PKW,Invesco BuyBack Achievers ETF,Invesco BuyBack Achievers ETF,ETF,Mid-Cap Value,Invesco,
374,PLW,Invesco 1-30 Laddered Treasury ,Invesco Equal Weight 0-30 Years Treasury ETF,ETF,Long Government,Invesco,
375,PPA,Invesco Aerospace & Defense ETF,Invesco Aerospace & Defense ETF,ETF,Industrials,Invesco,
376,PRF,Invesco RAFI US 1000 ETF,Invesco RAFI US 1000 ETF,ETF,Large Value,Invesco,
377,PRFZ,Invesco RAFI US 1500 Small-Mid ,Invesco RAFI US 1500 Small-Mid ETF,ETF,Small Blend,Invesco,
378,PSC,Principal U.S. Small-Cap ETF,Principal U.S. Small-Cap ETF,ETF,Small Blend,Principal Funds,
379,PSCC,Invesco S&P SmallCap Consumer S,Invesco S&P SmallCap Consumer Staples ETF,ETF,Consumer Defensive,Invesco,
380,PSCH,Invesco S&P SmallCap Health Car,Invesco S&P SmallCap Health Care ETF,ETF,Health,Invesco,
381,PSCI,Invesco S&P SmallCap Industrial,Invesco S&P SmallCap Industrials ETF,ETF,Industrials,Invesco,
382,PSCM,Invesco S&P SmallCap Materials ,Invesco S&P SmallCap Materials ETF,ETF,Natural Resources,Invesco,
383,PSET,Principal Quality ETF,Principal Quality ETF,ETF,Large Blend,Principal Funds,
384,PSI,Invesco Semiconductors ETF,Invesco Semiconductors ETF,ETF,Technology,Invesco,
385,PSMC,Invesco Conservative Multi-Asse,Invesco Conservative Multi-Asset Allocation ETF,ETF,Conservative Allocation,Invesco,
386,PSMG,Invesco Growth Multi-Asset Allo,Invesco Growth Multi-Asset Allocation ETF,ETF,Moderately Aggressive Allocation,Invesco,
387,PSMM,Invesco Moderately Conservative,Invesco Moderately Conservative Multi-Asset Allocation ETF,ETF,Moderately Conservative Allocation,Invesco,
388,PSR,Invesco Active U.S. Real Estate,Invesco Active U.S. Real Estate Fund,ETF,Real Estate,Invesco,
389,PTF,Invesco Dorsey Wright Technolog,Invesco Dorsey Wright Technology Momentum ETF,ETF,Technology,Invesco,
390,PTH,Invesco Dorsey Wright Healthcar,Invesco Dorsey Wright Healthcare Momentum ETF,ETF,Health,Invesco,
391,PTNQ,Pacer Trendpilot 100 ETF,Pacer Trendpilot 100 ETF,ETF,Large Growth,Pacer,
392,PULS,PGIM Ultra Short Bond ETF,PGIM Ultra Short Bond ETF,ETF,Ultrashort Bond,PGIM Investments,
393,PWS,Pacer WealthShield ETF,Pacer WealthShield ETF,ETF,Tactical Allocation,Pacer,
394,PXE,Invesco Energy Exploration & Pr,Invesco Dynamic Energy Exploration & Production ETF,ETF,Equity Energy,Invesco,
395,PXF,Invesco RAFI Developed Markets ,Invesco RAFI Developed Markets ex-U.S. ETF,ETF,Foreign Large Value,Invesco,
396,PY,Principal Value ETF,Principal Value ETF,ETF,Large Value,Principal Funds,
397,PZT,Invesco New York AMT-Free Munic,Invesco New York AMT-Free Municipal Bond ETF,ETF,Muni New York Long,Invesco,
398,QARP,Xtrackers Russell 1000 US Quali,Xtrackers Russell 1000 US QARP ETF,ETF,Large Blend,Xtrackers,
399,QDIV,Global X S&P 500 Quality Divide,Global X S&P 500 Quality Dividend ETF,ETF,Large Value,Global X Funds,
400,QDYN,FlexShares Quality Dynamic Inde,FlexShares Quality Dividend Dynamic Index Fund,ETF,Large Value,Flexshares Trust,
401,QEFA,SPDR MSCI EAFE StrategicFactors,SPDR MSCI EAFE StrategicFactors ETF,ETF,Foreign Large Blend,State Street Investment Management,
402,QGRO,American Century U.S. Quality G,American Century U.S. Quality Growth ETF,ETF,Large Growth,American Century Investments,
403,QINT,American Century Quality Divers,American Century Quality Diversified International ETF,ETF,Foreign Large Blend,American Century Investments,
404,QLD,ProShares Ultra QQQ,ProShares Ultra QQQ,ETF,Trading--Leveraged Equity,ProShares,
405,QMOM,Alpha Architect U.S. Quantitati,Alpha Architect U.S. Quantitative Momentum ETF,ETF,Mid-Cap Growth,Alpha Architect,
406,QQEW,First Trust NASDAQ-100 Equal We,First Trust NASDAQ-100 Equal Weighted Index Fund,ETF,Large Growth,First Trust,
407,QQQ,"Invesco QQQ Trust, Series 1",Invesco QQQ Trust,ETF,Large Growth,Invesco,
408,QQQE,Direxion NASDAQ-100 Equal Weigh,Direxion NASDAQ-100 Equal Weighted Index Shares,ETF,Large Growth,Direxion Funds,
409,QTEC,First Trust NASDAQ-100-Technolo,First Trust NASDAQ-100-Technology Sector Index Fund,ETF,Technology,First Trust,
410,QTUM,Defiance Quantum ETF,Defiance Quantum ETF,ETF,Technology,Defiance ETFs LLC,
411,QWLD,SPDR MSCI World StrategicFactor,SPDR MSCI World StrategicFactors ETF,ETF,Global Large-Stock Blend,State Street Investment Management,
412,RDVY,First Trust Rising Dividend Ach,First Trust Rising Dividend Achievers ETF,ETF,Large Value,First Trust,
413,REMX,VanEck Rare Earth and Strategic,VanEck Rare Earth and Strategic Metals ETF,ETF,Natural Resources,VanEck,
414,REZ,iShares Residential and Multise,iShares Residential and Multisector Real Estate ETF,ETF,Real Estate,iShares,
415,RFDA,RiverFront Dynamic US Dividend ,RiverFront Dynamic US Dividend Advantage ETF,ETF,Large Value,ALPS,
416,RFV,Invesco S&P Midcap 400 Pure Val,Invesco S&P MidCap 400 Pure Value ETF,ETF,Small Value,Invesco,
417,RGI,Invesco S&P 500 Equal Weight In,Invesco S&P 500 Equal Weight Industrials ETF,ETF,Industrials,Invesco,
418,RHS,Invesco S&P 500 Equal Weight Co,Invesco S&P 500 Equal Weight Consumer Staples ETF,ETF,Consumer Defensive,Invesco,
419,RIGS,RiverFront Strategic Income Fun,RiverFront Strategic Income Fund,ETF,Multisector Bond,ALPS,
420,RLY,State Street Multi-Asset Real R,State Street Multi-Asset Real Return ETF,ETF,Global Moderate Allocation,State Street Investment Management,
421,RNDV,US Equity Dividend Select ETF,First Trust S&P 500 Diversified Dividend Aristocrats ETF,ETF,Large Value,First Trust Advisors L.P.,
422,RNSC,Small Cap US Equity Select ETF,First Trust SMID Growth Strength ETF,ETF,Small Value,First Trust Advisors L.P.,
423,RPV,Invesco S&P 500 Pure Value ETF,Invesco S&P 500 Pure Value ETF,ETF,Mid-Cap Value,Invesco,
424,RTH,VanEck Retail ETF,VanEck Retail ETF,ETF,Consumer Cyclical,VanEck,
425,RTM,Invesco S&P 500 Equal Weight Ma,Invesco S&P 500 Equal Weight Materials ETF,ETF,Natural Resources,Invesco,
426,RWGV,Direxion Russell 1000 Growth Ov,Direxion Russell 1000 Growth Over Value ETF,ETF,Large Growth,Direxion Funds,
427,RWJ,Invesco S&P SmallCap 600 Revenu,Invesco S&P SmallCap 600 Revenue ETF,ETF,Small Value,Invesco,
428,RWK,Invesco S&P MidCap 400 Revenue ,Invesco S&P MidCap 400 Revenue ETF,ETF,Mid-Cap Value,Invesco,
429,RWL,Invesco S&P 500 Revenue ETF,Invesco S&P 500 Revenue ETF,ETF,Large Value,Invesco,
430,RYF,Invesco S&P 500 Equal Weight Fi,Invesco S&P 500 Equal Weight Financials ETF,ETF,Financial,Invesco,
431,RYH,Invesco S&P 500 Equal Weight He,Invesco S&P 500 Equal Weight Health Care ETF,ETF,Health,Invesco,
432,RYT,Invesco S&P 500 Equal Weight Te,Invesco S&P 500 Equal Weight Technology ETF,ETF,Technology,Invesco,
433,RYU,Invesco S&P 500 Equal Weight Ut,Invesco S&P 500 Equal Weight Utilities ETF,ETF,Utilities,Invesco,
434,RZV,Invesco S&P Smallcap 600 Pure V,Invesco S&P SmallCap 600 Pure Value ETF,ETF,Small Value,Invesco,
435,SCHB,Schwab U.S. Broad Market ETF,Schwab U.S. Broad Market ETF,ETF,Large Blend,Schwab ETFs,
436,SCHD,Schwab US Dividend Equity ETF,Schwab U.S. Dividend Equity ETF,ETF,Large Value,Schwab ETFs,
437,SCHF,Schwab International Equity ETF,Schwab International Equity ETF,ETF,Foreign Large Blend,Schwab ETFs,
438,SCHG,Schwab U.S. Large-Cap Growth ET,Schwab U.S. Large-Cap Growth ETF,ETF,Large Growth,Schwab ETFs,
439,SCHO,Schwab Short-Term U.S. Treasury,Schwab Short-Term U.S. Treasury ETF,ETF,Short Government,Schwab ETFs,
440,SCHP,Schwab U.S. TIPs ETF,Schwab U.S. TIPS ETF,ETF,Inflation-Protected Bond,Schwab ETFs,
441,SCHR,Schwab Intermediate-Term U.S. T,Schwab Intermediate-Term U.S. Treasury ETF,ETF,Intermediate Government,Schwab ETFs,
442,SCHX,Schwab U.S. Large-Cap ETF,Schwab U.S. Large-Cap ETF,ETF,Large Blend,Schwab ETFs,
443,SCZ,iShares MSCI EAFE Small-Cap ETF,iShares MSCI EAFE Small-Cap ETF,ETF,Foreign Small/Mid Blend,iShares,
444,SDG,iShares MSCI Global Sustainable,iShares MSCI Global Sustainable Development Goals ETF,ETF,Global Large-Stock Blend,iShares,
445,SDY,State Street SPDR S&P Dividend ,State Street SPDR S&P Dividend ETF,ETF,Mid-Cap Value,State Street Investment Management,
446,SHYG,iShares 0-5 Year High Yield Cor,iShares 0-5 Year High Yield Corporate Bond ETF,ETF,High Yield Bond,iShares,
447,SIMS,State Street SPDR S&P Kensho In,State Street SPDR S&P Kensho Intelligent Structures ETF,ETF,Infrastructure,State Street Investment Management,
448,SJNK,State Street SPDR Bloomberg Sho,State Street SPDR Bloomberg Short Term High Yield Bond ETF,ETF,High Yield Bond,State Street Investment Management,
449,SKOR,FlexShares Credit-Scored US Cor,FlexShares Credit-Scored US Corporate Bond Index Fund,ETF,Corporate Bond,Flexshares Trust,
450,SLQD,iShares 0-5 Year Investment Gra,iShares 0-5 Year Investment Grade Corporate Bond ETF,ETF,Short-Term Bond,iShares,
451,SLX,VanEck Steel ETF,VanEck Steel ETF,ETF,Natural Resources,VanEck,
452,SLY,SPDR S&P 600 Small Cap ETF (bas,SPDR S&P 600 Small Cap ETF,ETF,Small Blend,SPDR State Street Global Advisors,
453,SLYG,State Street SPDR S&P 600 Small,State Street SPDR S&P 600 Small Cap Growth ETF,ETF,Small Growth,State Street Investment Management,
454,SLYV,State Street SPDR S&P 600 Small,State Street SPDR S&P 600 Small Cap Value ETF,ETF,Small Value,State Street Investment Management,
455,SMH,VanEck Semiconductor ETF,VanEck Semiconductor ETF,ETF,Technology,VanEck,
456,SMIN,Ishares MSCI India Small Cap ET,iShares MSCI India Small-Cap ETF,ETF,India Equity,iShares,
457,SMLF,iShares U.S. Small-Cap Equity F,iShares U.S. Small-Cap Equity Factor ETF,ETF,Small Blend,iShares,
458,SMMD,iShares Russell 2500 ETF,iShares Russell 2500 ETF,ETF,Small Blend,iShares,
459,SOXX,iShares PHLX SOX Semiconductor ,iShares Semiconductor ETF,ETF,Technology,iShares,
460,SPEM,SPDR Portfolio Emerging Markets,SPDR Portfolio Emerging Markets ETF,ETF,Diversified Emerging Mkts,State Street Investment Management,
461,SPGM,SPDR Portfolio MSCI Global Stoc,SPDR Portfolio MSCI Global Stock Market ETF,ETF,Global Large-Stock Blend,State Street Investment Management,
462,SPGP,Invesco S&P 500 GARP ETF,Invesco S&P 500 GARP ETF,ETF,Large Value,Invesco,
463,SPHB,Invesco S&P 500 High Beta ETF,Invesco S&P 500 High Beta ETF,ETF,Mid-Cap Blend,Invesco,
464,SPHQ,Invesco S&P 500 Quality ETF,Invesco S&P 500 Quality ETF,ETF,Large Blend,Invesco,
465,SPHY,State Street SPDR Portfolio Hig,State Street SPDR Portfolio High Yield Bond ETF,ETF,High Yield Bond,State Street Investment Management,
466,SPIP,State Street SPDR Portfolio TIP,State Street SPDR Portfolio TIPS ETF,ETF,Inflation-Protected Bond,State Street Investment Management,
467,SPLG,SPDR Portfolio S&P 500 ETF,State Street SPDR Portfolio S&P 500 ETF,ETF,Large Blend,State Street Investment Management,
468,SPMO,Invesco S&P 500 Momentum ETF,Invesco S&P 500 Momentum ETF,ETF,Large Blend,Invesco,
469,SPSB,State Street SPDR Portfolio Sho,State Street SPDR Portfolio Short Term Corporate Bond ETF,ETF,Short-Term Bond,State Street Investment Management,
470,SPSM,State Street SPDR Portfolio S&P,State Street SPDR Portfolio S&P 600 Small Cap ETF,ETF,Small Blend,State Street Investment Management,
471,SPTI,State Street SPDR Portfolio Int,State Street SPDR Portfolio Intermediate Term Treasury ETF,ETF,Intermediate Government,State Street Investment Management,
472,SPTL,State Street SPDR Portfolio Lon,State Street SPDR Portfolio Long Term Treasury ETF,ETF,Long Government,State Street Investment Management,
473,SPTM,State Street SPDR Portfolio S&P,State Street SPDR Portfolio S&P 1500 Composite Stock Market ETF,ETF,Large Blend,State Street Investment Management,
474,SPTS,State Street SPDR Portfolio Sho,State Street SPDR Portfolio Short Term Treasury ETF,ETF,Short Government,State Street Investment Management,
475,SPVM,Invesco S&P 500 Value with Mome,Invesco S&P 500 Value with Momentum ETF,ETF,Mid-Cap Value,Invesco,
476,SPXE,ProShares S&P 500 Ex-Energy ETF,ProShares S&P 500 ex-Energy ETF,ETF,Large Blend,ProShares,
477,SPXN,ProShares S&P 500 Ex-Financials,ProShares S&P 500 ex-Financials ETF,ETF,Large Blend,ProShares,
478,SPY,SPDR S&P 500,SPDR S&P 500 ETF,ETF,Large Blend,State Street Investment Management,
479,SPYG,State Street SPDR Portfolio S&P,State Street SPDR Portfolio S&P 500 Growth ETF,ETF,Large Growth,State Street Investment Management,
480,SPYV,State Street SPDR Portfolio S&P,State Street SPDR Portfolio S&P 500 Value ETF,ETF,Large Value,State Street Investment Management,
481,SPYX,State Street SPDR S&P 500 Fossi,State Street SPDR S&P 500 Fossil Fuel Reserves Free ETF,ETF,Large Blend,State Street Investment Management,
482,SQLV,Royce Quant Small-Cap Quality V,Royce Quant Small-Cap Quality Value ETF,ETF,Small Value,Franklin Templeton Investments,
483,SRLN,State Street Blackstone Senior ,State Street Blackstone Senior Loan ETF,ETF,Bank Loan,State Street Investment Management,
484,SRVR,Pacer Data & Infrastructure Rea,Pacer Benchmark Data & Infrastructure Real Estate SCTR ETF,ETF,Real Estate,Pacer,
485,SSPY,Stratified LargeCap Index ETF,Stratified LargeCap Index ETF,ETF,Large Value,Syntax,
486,SUSA,iShares ESG Optimized MSCI USA ,iShares ESG Optimized MSCI USA ETF,ETF,Large Blend,iShares,
487,SUSB,iShares ESG Aware 1-5 Year USD ,iShares ESG 1-5 Year USD Corporate Bond ETF,ETF,Short-Term Bond,iShares,
488,SYLD,Cambria Shareholder Yield ETF,Cambria Shareholder Yield ETF,ETF,Mid-Cap Value,Cambria Investment Management,
489,TAXF,American Century Diversified Mu,American Century Diversified Municipal Bond ETF,ETF,Muni National Interm,American Century Investments,
490,TDTF,FlexShares iBoxx 5 Year Target ,FlexShares iBoxx 5-Year Target Duration TIPS Index Fund,ETF,Inflation-Protected Bond,Flexshares Trust,
491,THD,iShares MSCI Thailand ETF,iShares MSCI Thailand ETF,ETF,Miscellaneous Region,iShares,
492,TMFC,Motley Fool 100 Index ETF ETF,Motley Fool 100 Index ETF,ETF,Large Growth,Motley Fool,
493,TOK,iShares MSCI Kokusai ETF,iShares MSCI Kokusai ETF,ETF,Global Large-Stock Blend,iShares,
494,TPYP,Tortoise North American Pipelin,Tortoise North American Pipeline Fund,ETF,Energy Limited Partnership,"Tortoise Capital Advisors, LLC",
495,TTAC,TrimTabs ETF Trust FCF US Quali,Abacus FCF Leaders ETF,ETF,Large Blend,FCF Funds,
496,TTAI,TrimTabs ETF Trust FCF Internat,Abacus FCF International Leaders ETF,ETF,Foreign Large Blend,FCF Funds,
497,TUR,iShares MSCI Turkey ETF,iShares MSCI Turkey ETF,ETF,Miscellaneous Region,iShares,
498,UCON,First Trust Smith Unconstrained,First Trust Smith Unconstrained Plus Bond ETF,ETF,Nontraditional Bond,First Trust,
499,UITB,VictoryShares Core Intermediate,VictoryShares Core Intermediate Bond ETF,ETF,Intermediate Core Bond,Victory Capital Management Inc.,
500,ULST,State Street Ultra Short Term B,State Street Ultra Short Term Bond ETF,ETF,Ultrashort Bond,State Street Investment Management,
501,URTH,iShares MSCI World ETF,iShares MSCI World ETF,ETF,Global Large-Stock Blend,iShares,
502,USAI,Pacer American Energy Independe,Pacer American Energy Independence ETF,ETF,Energy Limited Partnership,Pacer,
503,USMF,WisdomTree U.S. Multifactor Fun,WisdomTree U.S. Multifactor Fund,ETF,Mid-Cap Blend,WisdomTree,
504,USSG,Xtrackers MSCI USA Selection Eq,Xtrackers MSCI USA Selection Equity ETF,ETF,Large Blend,Xtrackers,
505,USTB,VictoryShares Short-Term Bond E,VictoryShares Short-Term Bond ETF,ETF,Short-Term Bond,Victory Capital Management Inc.,
506,USVM,VictoryShares US Small Mid Cap ,VictoryShares US Small Mid Cap Value Momentum ETF,ETF,Small Value,Victory Capital Management Inc.,
507,UTES,Virtus Reaves Utilities ETF,Virtus Reaves Utilities ETF,ETF,Utilities,Virtus,
508,VAW,Vanguard Materials ETF,Vanguard Materials Index Fund ETF Shares,ETF,Natural Resources,Vanguard,
509,VB,Vanguard Small-Cap ETF,Vanguard Small-Cap Index Fund ETF Shares,ETF,Small Blend,Vanguard,
510,VBR,Vanguard Small-Cap Value ETF,Vanguard Small-Cap Value Index Fund ETF Shares,ETF,Small Value,Vanguard,
511,VCIT,Vanguard Intermediate-Term Corp,Vanguard Intermediate-Term Corporate Bond Index Fund ETF Shares,ETF,Corporate Bond,Vanguard,
512,VCR,Vanguard Consumer Discretion ET,Vanguard Consumer Discretionary Index Fund ETF Shares,ETF,Consumer Cyclical,Vanguard,
513,VCSH,Vanguard Short-Term Corporate B,Vanguard Short-Term Corporate Bond Index Fund ETF Shares,ETF,Short-Term Bond,Vanguard,
514,VDE,Vanguard Energy ETF,Vanguard Energy Index Fund ETF Shares,ETF,Equity Energy,Vanguard,
515,VEA,Vanguard FTSE Developed Markets,Vanguard FTSE Developed Markets Index Fund ETF Shares,ETF,Foreign Large Blend,Vanguard,
516,VEGI,iShares MSCI Agriculture Produc,iShares MSCI Agriculture Producers ETF,ETF,Natural Resources,iShares,
517,VFH,Vanguard Financials ETF,Vanguard Financials Index Fund ETF Shares,ETF,Financial,Vanguard,
518,VFMO,Vanguard U.S. Momentum Factor E,Vanguard U.S. Momentum Factor ETF ETF Shares,ETF,Mid-Cap Blend,Vanguard,
519,VFQY,Vanguard U.S. Quality Factor ET,Vanguard U.S. Quality Factor ETF Shares,ETF,Mid-Cap Blend,Vanguard,
520,VFVA,Vanguard Wellington Fund ETF,Vanguard U.S. Value Factor ETF Shares,ETF,Mid-Cap Value,Vanguard,
521,VGIT,Vanguard Intermediate-Term Trea,Vanguard Intermediate-Term Treasury Index Fund ETF Shares,ETF,Intermediate Government,Vanguard,
522,VGLT,Vanguard Long-Term Treasury ETF,Vanguard Long-Term Treasury Index Fund ETF Shares,ETF,Long Government,Vanguard,
523,VGSH,Vanguard Short-Term Treasury ET,Vanguard Short-Term Treasury Index Fund ETF Shares,ETF,Short Government,Vanguard,
524,VGT,Vanguard Information Tech ETF,Vanguard Information Technology Index Fund ETF Shares,ETF,Technology,Vanguard,
525,VHT,Vanguard Health Care ETF,Vanguard Health Care Index Fund ETF Shares,ETF,Health,Vanguard,
526,VIG,Vanguard Div Appreciation ETF,Vanguard Dividend Appreciation Index Fund ETF Shares,ETF,Large Blend,Vanguard,
527,VIOG,Vanguard S&P Small-Cap 600 Grow,Vanguard S&P Small-Cap 600 Growth Index Fund ETF Shares,ETF,Small Growth,Vanguard,
528,VIOO,Vanguard S&P Small-Cap 600 ETF,Vanguard S&P Small-Cap 600 Index Fund ETF Shares,ETF,Small Blend,Vanguard,
529,VIOV,Vanguard S&P Small-Cap 600 Valu,Vanguard S&P Small-Cap 600 Value Index Fund ETF Shares,ETF,Small Value,Vanguard,
530,VLU,State Street SPDR S&P 1500 Valu,State Street SPDR S&P 1500 Value Tilt ETF,ETF,Large Value,State Street Investment Management,
531,VNLA,Janus Henderson Short Duration ,Janus Henderson Short Duration Income ETF,ETF,Ultrashort Bond,Janus Henderson,
532,VO,Vanguard Mid-Cap ETF,Vanguard Mid-Cap Index Fund ETF Shares,ETF,Mid-Cap Blend,Vanguard,
533,VOE,Vanguard Mid-Cap Value ETF,Vanguard Mid-Cap Value Index Fund ETF Shares,ETF,Mid-Cap Value,Vanguard,
534,VONE,Vanguard Russell 1000 ETF,Vanguard Russell 1000 Index Fund ETF Shares,ETF,Large Blend,Vanguard,
535,VONG,Vanguard Russell 1000 Growth ET,Vanguard Russell 1000 Growth Index Fund ETF Shares,ETF,Large Growth,Vanguard,
536,VOO,Vanguard S&P 500 ETF,Vanguard S&P 500 ETF,ETF,Large Blend,Vanguard,
537,VOOG,Vanguard S&P 500 Growth ETF,Vanguard S&P 500 Growth Index Fund ETF Shares,ETF,Large Growth,Vanguard,
538,VPC,Virtus Private Credit Strategy ,Virtus Private Credit ETF,ETF,Nontraditional Bond,Virtus,
539,VPL,Vanguard FTSE Pacific ETF,Vanguard FTSE Pacific Index Fund ETF Shares,ETF,Diversified Pacific/Asia,Vanguard,
540,VPU,Vanguard Utilities ETF,Vanguard Utilities Index Fund ETF Shares,ETF,Utilities,Vanguard,
541,VRIG,Invesco Variable Rate Investmen,Invesco Variable Rate Investment Grade ETF,ETF,Ultrashort Bond,Invesco,
542,VSDA,VictoryShares Dividend Accelera,VictoryShares Dividend Accelerator ETF,ETF,Large Value,Victory Capital Management Inc.,
543,VSMV,VictoryShares US Multi-Factor M,VictoryShares US Multi-Factor Minimum Volatility ETF,ETF,Large Value,Victory Capital Management Inc.,
544,VTHR,Vanguard Russell 3000 ETF,Vanguard Russell 3000 Index Fund ETF Shares,ETF,Large Blend,Vanguard,
545,VTV,Vanguard Value ETF,Vanguard Value Index Fund ETF Shares,ETF,Large Value,Vanguard,
546,VUG,Vanguard Growth ETF,Vanguard Growth Index Fund ETF Shares,ETF,Large Growth,Vanguard,
547,VUSE,Vident U.S. Equity Strategy ETF,Vident U.S. Equity Strategy ETF,ETF,Large Blend,Vident Financial,
548,VV,Vanguard Large-Cap ETF,Vanguard Large Cap Index Fund,ETF,Large Blend,Vanguard,
549,VWO,Vanguard FTSE Emerging Markets ,Vanguard Emerging Markets Stock Index Fund,ETF,Diversified Emerging Mkts,Vanguard,
550,VWOB,Vanguard Emerging Markets Gover,Vanguard Emerging Markets Government Bond Index Fund,ETF,Emerging Markets Bond,Vanguard,
551,VYMI,Vanguard International High Div,Vanguard International High Dividend Yield Index Fund ETF Shares,ETF,Foreign Large Value,Vanguard,
552,WFHY,WisdomTree U.S. High Yield Corp,WisdomTree U.S. High Yield Corporate Bond Fund,ETF,High Yield Bond,WisdomTree,
553,WINC,Western Asset Short Duration In,Western Asset Short Duration Income ETF,ETF,Short-Term Bond,Franklin Templeton Investments,
554,WOMN,Impact Shares Women's Empowerme,Impact Shares Women’s Empowerment ETF,ETF,Large Blend,Impact Shares,
555,WTV,WisdomTree U.S. Value Fund,WisdomTree U.S. Value Fund,ETF,Mid-Cap Value,WisdomTree,
556,XAR,State Street SPDR S&P Aerospace,State Street SPDR S&P Aerospace & Defense ETF,ETF,Industrials,State Street Investment Management,
557,XCEM,Columbia EM Core ex-China ETF,Columbia EM Core ex-China ETF,ETF,Diversified Emerging Mkts,Columbia Threadneedle,
558,XHB,State Street SPDR S&P Homebuild,State Street SPDR S&P Homebuilders ETF,ETF,Consumer Cyclical,State Street Investment Management,
559,XLB,State Street Materials Select S,State Street Materials Select Sector SPDR ETF,ETF,Natural Resources,State Street Investment Management,
560,XLE,State Street Energy Select Sect,State Street Energy Select Sector SPDR ETF,ETF,Equity Energy,State Street Investment Management,
561,XLF,State Street Financial Select S,State Street Financial Select Sector SPDR ETF,ETF,Financial,State Street Investment Management,
562,XLG,Invesco S&P 500 Top 50 ETF,Invesco S&P 500 Top 50 ETF,ETF,Large Blend,Invesco,
563,XLK,State Street Technology Select ,State Street Technology Select Sector SPDR ETF,ETF,Technology,State Street Investment Management,
564,XLRE,State Street Real Estate Select,State Street Real Estate Select Sector SPDR ETF,ETF,Real Estate,State Street Investment Management,
565,XLU,State Street Utilities Select S,State Street Utilities Select Sector SPDR ETF,ETF,Utilities,State Street Investment Management,
566,XLV,State Street Health Care Select,State Street Health Care Select Sector SPDR ETF,ETF,Health,State Street Investment Management,
567,XLY,State Street Consumer Discretio,State Street Consumer Discretionary Select Sector SPDR ETF,ETF,Consumer Cyclical,State Street Investment Management,
568,XMHQ,Invesco S&P MidCap Quality ETF,Invesco S&P MidCap Quality ETF,ETF,Mid-Cap Blend,Invesco,
569,XMMO,Invesco S&P MidCap Momentum ETF,Invesco S&P MidCap Momentum ETF,ETF,Mid-Cap Blend,Invesco,
570,XMVM,Invesco S&P MidCap Value with M,Invesco S&P MidCap Value with Momentum ETF,ETF,Small Value,Invesco,
571,XSD,State Street SPDR S&P Semicondu,State Street SPDR S&P Semiconductor ETF,ETF,Technology,State Street Investment Management,
572,XSMO,Invesco S&P SmallCap Momentum E,Invesco S&P SmallCap Momentum ETF,ETF,Small Blend,Invesco,
573,XSOE,WisdomTree Emerging Markets Ex-,WisdomTree Emerging Markets ex-State-Owned Enterprises Fund,ETF,Diversified Emerging Mkts,WisdomTree,
574,XSVM,Invesco S&P SmallCap Value with,Invesco S&P SmallCap Value with Momentum ETF,ETF,Small Value,Invesco,
575,XTL,State Street SPDR S&P Telecom E,State Street SPDR S&P Telecom ETF,ETF,Communications,State Street Investment Management,
576,YLD,Principal Active High Yield ETF,Principal Active High Yield ETF,ETF,High Yield Bond,Principal Funds,
577,ZROZ,PIMCO 25  Year Zero Coupon U.S.,PIMCO 25+ Year Zero Coupon U.S. Treasury Index Exchange-Traded Fund,ETF,Long Government,PIMCO,
